{"accuracy": [0.5903111100196838, 0.7225777506828308, 0.7602888941764832, 0.7840444445610046, 0.8179110884666443], "loss": [0.8690223693847656, 0.6640672087669373, 0.5975139141082764, 0.5444766879081726, 0.4785862863063812], "val_accuracy": [0.6877999901771545, 0.6966999769210815, 0.6877999901771545, 0.6881999969482422, 0.6782000064849854], "val_loss": [0.695885419845581, 0.688742458820343, 0.7128468155860901, 0.7285757660865784, 0.766024112701416], "learning_rate": [0.0005000000237487257, 0.0005000000237487257, 0.0005000000237487257, 0.0005000000237487257, 0.0002500000118743628]}