{"accuracy": [0.5640444159507751, 0.703511118888855, 0.7439777851104736, 0.7701777815818787, 0.7874444723129272, 0.8150888681411743], "loss": [0.8919074535369873, 0.6961342692375183, 0.6243515014648438, 0.5738274455070496, 0.5387651324272156, 0.48389214277267456], "val_accuracy": [0.6754999756813049, 0.6876999735832214, 0.6901000142097473, 0.6840999722480774, 0.6812999844551086, 0.6800000071525574], "val_loss": [0.7355300784111023, 0.711305558681488, 0.7071104645729065, 0.7387558221817017, 0.7552514672279358, 0.7998573184013367], "learning_rate": [0.0005000000237487257, 0.0005000000237487257, 0.0005000000237487257, 0.0005000000237487257, 0.0005000000237487257, 0.0002500000118743628]}